"id","type","affix_kind","word_text","sort_order","enabled","sub_category","visual_tag","industry_tag","is_manual","is_temporary","approval_status"
"69","brand","industry","品牌","10","1","主体词","NULL","NULL","0","0","approved"
"70","brand","industry","厂家","20","1","主体词","NULL","NULL","0","0","approved"
"71","brand","industry","厂商","30","0","NULL","NULL","NULL","0","0","approved"
"73","brand","industry","公司","50","1","主体词","NULL","NULL","0","0","approved"
"74","brand","industry","集团","60","1","主体词","NULL","NULL","0","0","approved"
"770","brand","industry","产品","90","1","主体词","NULL","NULL","0","0","approved"
"771","brand","industry","这个牌子","100","1","主体词","NULL","NULL","0","0","approved"
"87","brand","industry","老字号","190","1","品质特征","NULL","NULL","0","0","approved"
"88","brand","industry","工作室","200","1","主体词","NULL","NULL","0","0","approved"
"293","brand","prefix","口碑好的","10","1","正向评价类","NULL","NULL","0","0","approved"
"294","brand","prefix","知名的","20","1","正向评价类","NULL","NULL","0","0","approved"
"295","brand","prefix","排名前十的","30","1","品质特征类","NULL","NULL","0","0","approved"
"296","brand","prefix","十大","40","0","NULL","NULL","NULL","0","0","approved"
"297","brand","prefix","最好的","50","0","NULL","NULL","NULL","0","0","approved"
"298","brand","prefix","头部","60","1","品质特征类","NULL","NULL","0","0","approved"
"299","brand","prefix","领先的","70","1","品质特征类","NULL","NULL","0","0","approved"
"300","brand","prefix","大品牌","80","1","品质特征类","NULL","NULL","0","0","approved"
"301","brand","prefix","老牌","90","1","品质特征类","NULL","NULL","0","0","approved"
"302","brand","prefix","新锐","100","1","品质特征类","NULL","NULL","0","0","approved"
"303","brand","prefix","高端","110","1","品质特征类","NULL","NULL","0","0","approved"
"304","brand","prefix","性价比高的","120","1","正向评价类","NULL","NULL","0","0","approved"
"305","brand","prefix","国产","130","1","来源类","NULL","NULL","0","0","approved"
"306","brand","prefix","进口","140","1","来源类","NULL","NULL","0","0","approved"
"307","brand","prefix","本土","150","1","来源类","NULL","NULL","0","0","approved"
"308","brand","prefix","全国连锁","160","1","规模类","NULL","NULL","0","0","approved"
"309","brand","prefix","上市","170","1","资质类","NULL","NULL","0","0","approved"
"310","brand","prefix","500强","180","1","资质类","NULL","NULL","0","0","approved"
"311","brand","prefix","一线","190","1","品质特征类","NULL","NULL","0","0","approved"
"312","brand","prefix","二线","200","1","品质特征类","NULL","NULL","0","0","approved"
"313","brand","prefix","小众但好用的","210","0","NULL","NULL","NULL","0","0","approved"
"314","brand","prefix","央企","220","1","资质类","NULL","NULL","0","0","approved"
"315","brand","prefix","国企","230","1","资质类","NULL","NULL","0","0","approved"
"316","brand","prefix","民营","240","1","资质类","NULL","NULL","0","0","approved"
"317","brand","prefix","龙头","250","1","品质特征类","NULL","NULL","0","0","approved"
"766","brand","prefix","靠谱的","400","1","正向评价类","NULL","NULL","0","0","approved"
"767","brand","prefix","专业的","410","1","正向评价类","NULL","NULL","0","0","approved"
"768","brand","prefix","评价高的","420","1","正向评价类","NULL","NULL","0","0","approved"
"769","brand","prefix","优秀的","430","1","正向评价类","NULL","NULL","0","0","approved"
"329","brand","suffix","品牌有哪些","60","1","了解类","NULL","NULL","0","0","approved"
"333","brand","suffix","品牌top10","100","0","NULL","NULL","NULL","0","0","approved"
"337","brand","suffix","知名品牌","140","0","NULL","NULL","NULL","0","0","approved"
"346","brand","suffix","老牌子有哪些","230","1","了解类","NULL","NULL","0","0","approved"
"772","brand","suffix","怎么样","500","1","了解类","NULL","NULL","0","0","approved"
"773","brand","suffix","是什么","510","1","了解类","NULL","NULL","0","0","approved"
"774","brand","suffix","介绍","520","1","了解类","NULL","NULL","0","0","approved"
"775","brand","suffix","简介","530","1","了解类","NULL","NULL","0","0","approved"
"776","brand","suffix","好不好","540","1","了解类","NULL","NULL","0","0","approved"
"777","brand","suffix","有名吗","550","1","了解类","NULL","NULL","0","0","approved"
"778","brand","suffix","口碑如何","600","1","评价类","NULL","NULL","0","0","approved"
"779","brand","suffix","靠不靠谱","610","1","评价类","NULL","NULL","0","0","approved"
"780","brand","suffix","质量怎么样","620","1","评价类","NULL","NULL","0","0","approved"
"781","brand","suffix","评价","630","1","评价类","NULL","NULL","0","0","approved"
"782","brand","suffix","值不值得买","640","1","评价类","NULL","NULL","0","0","approved"
"783","brand","suffix","是哪里的","700","1","归属类","NULL","NULL","0","0","approved"
"784","brand","suffix","是哪个公司的","710","1","归属类","NULL","NULL","0","0","approved"
"785","brand","suffix","是什么牌子","720","1","归属类","NULL","NULL","0","0","approved"
"786","brand","suffix","哪里生产的","730","1","归属类","NULL","NULL","0","0","approved"
"716","comparison","compare","和","10","1","对比连接词","NULL","NULL","0","0","approved"
"717","comparison","compare","对比","20","1","对比连接词","NULL","NULL","0","0","approved"
"718","comparison","compare","与","30","1","对比连接词","NULL","NULL","0","0","approved"
"719","comparison","compare","VS","40","1","对比连接词","NULL","NULL","0","0","approved"
"720","comparison","compare","比较","50","1","对比连接词","NULL","NULL","0","0","approved"
"721","comparison","compare","相比","60","1","对比连接词","NULL","NULL","0","0","approved"
"224","comparison","industry","产品","10","0","NULL","NULL","NULL","0","0","approved"
"225","comparison","industry","方案","20","0","NULL","NULL","NULL","0","0","approved"
"226","comparison","industry","平台","30","0","NULL","NULL","NULL","0","0","approved"
"227","comparison","industry","工具","40","0","NULL","NULL","NULL","0","0","approved"
"228","comparison","industry","软件","50","0","NULL","NULL","NULL","0","0","approved"
"229","comparison","industry","系统","60","0","NULL","NULL","NULL","0","0","approved"
"230","comparison","industry","服务","70","0","NULL","NULL","NULL","0","0","approved"
"231","comparison","industry","机构","80","0","NULL","NULL","NULL","0","0","approved"
"232","comparison","industry","品牌","90","0","NULL","NULL","NULL","0","0","approved"
"233","comparison","industry","供应商","100","0","NULL","NULL","NULL","0","0","approved"
"234","comparison","industry","框架","110","0","NULL","NULL","NULL","0","0","approved"
"235","comparison","industry","技术","120","0","NULL","NULL","NULL","0","0","approved"
"236","comparison","industry","模式","130","0","NULL","NULL","NULL","0","0","approved"
"237","comparison","industry","标准","140","0","NULL","NULL","NULL","0","0","approved"
"238","comparison","industry","协议","150","0","NULL","NULL","NULL","0","0","approved"
"239","comparison","industry","开源方案","160","0","NULL","NULL","NULL","0","0","approved"
"240","comparison","industry","商业方案","170","0","NULL","NULL","NULL","0","0","approved"
"241","comparison","industry","SaaS","180","0","NULL","NULL","NULL","0","0","approved"
"242","comparison","industry","本地部署","190","0","NULL","NULL","NULL","0","0","approved"
"243","comparison","industry","混合方案","200","0","NULL","NULL","NULL","0","0","approved"
"587","comparison","prefix","更好的","10","0","NULL","NULL","NULL","0","0","approved"
"588","comparison","prefix","替代","20","0","NULL","NULL","NULL","0","0","approved"
"589","comparison","prefix","类似","30","0","NULL","NULL","NULL","0","0","approved"
"590","comparison","prefix","同类","40","0","NULL","NULL","NULL","0","0","approved"
"591","comparison","prefix","升级版","50","0","NULL","NULL","NULL","0","0","approved"
"592","comparison","prefix","平替","60","0","NULL","NULL","NULL","0","0","approved"
"593","comparison","prefix","对标","70","0","NULL","NULL","NULL","0","0","approved"
"594","comparison","prefix","竞争","80","0","NULL","NULL","NULL","0","0","approved"
"595","comparison","prefix","同价位","90","0","NULL","NULL","NULL","0","0","approved"
"596","comparison","prefix","同级别","100","0","NULL","NULL","NULL","0","0","approved"
"597","comparison","prefix","国产替代","110","0","NULL","NULL","NULL","0","0","approved"
"598","comparison","prefix","开源替代","120","0","NULL","NULL","NULL","0","0","approved"
"599","comparison","prefix","免费替代","130","0","NULL","NULL","NULL","0","0","approved"
"600","comparison","prefix","低成本替代","140","0","NULL","NULL","NULL","0","0","approved"
"602","comparison","suffix","哪个更好","10","1","对比选择类","NULL","NULL","0","0","approved"
"603","comparison","suffix","对比分析","20","1","对比类","NULL","NULL","0","0","approved"
"604","comparison","suffix","区别是什么","30","1","对比选择类","NULL","NULL","0","0","approved"
"605","comparison","suffix","有什么不同","40","1","对比选择类","NULL","NULL","0","0","approved"
"606","comparison","suffix","优缺点对比","50","1","优劣分析类","NULL","NULL","0","0","approved"
"607","comparison","suffix","横向对比","60","1","对比类","NULL","NULL","0","0","approved"
"608","comparison","suffix","全方位对比","70","1","对比类","NULL","NULL","0","0","approved"
"609","comparison","suffix","深度对比","80","1","对比类","NULL","NULL","0","0","approved"
"610","comparison","suffix","性能对比","90","1","维度对比类","NULL","NULL","0","0","approved"
"611","comparison","suffix","价格对比","100","1","维度对比类","NULL","NULL","0","0","approved"
"612","comparison","suffix","功能对比","110","1","维度对比类","NULL","NULL","0","0","approved"
"613","comparison","suffix","体验对比","120","1","维度对比类","NULL","NULL","0","0","approved"
"614","comparison","suffix","哪个更值得","130","1","优劣分析类","NULL","NULL","0","0","approved"
"615","comparison","suffix","怎么选","140","1","优劣分析类","NULL","NULL","0","0","approved"
"616","comparison","suffix","各有什么优势","150","1","优劣分析类","NULL","NULL","0","0","approved"
"617","comparison","suffix","差异在哪里","160","1","对比选择类","NULL","NULL","0","0","approved"
"618","comparison","suffix","谁更胜一筹","170","1","优劣分析类","NULL","NULL","0","0","approved"
"619","comparison","suffix","实测对比","180","1","对比类","NULL","NULL","0","0","approved"
"620","comparison","suffix","替代方案有哪些","190","1","替代类","NULL","NULL","0","0","approved"
"621","comparison","suffix","平替推荐","200","1","替代类","NULL","NULL","0","0","approved"
"622","comparison","suffix","同类产品对比","210","1","对比类","NULL","NULL","0","0","approved"
"625","comparison","suffix","兼容性对比","240","1","维度对比类","NULL","NULL","0","0","approved"
"811","comparison","suffix","差别","300","1","对比选择类","NULL","NULL","0","0","approved"
"812","comparison","suffix","哪个值得买","310","1","优劣分析类","NULL","NULL","0","0","approved"
"813","comparison","suffix","哪个性价比高","320","1","优劣分析类","NULL","NULL","0","0","approved"
"814","comparison","suffix","哪个更靠谱","330","1","优劣分析类","NULL","NULL","0","0","approved"
"815","comparison","suffix","哪个更推荐","340","1","优劣分析类","NULL","NULL","0","0","approved"
"255","competitor","industry","产品","10","1","NULL","NULL","NULL","0","0","approved"
"256","competitor","industry","品牌","20","1","NULL","NULL","NULL","0","0","approved"
"257","competitor","industry","平台","30","1","NULL","NULL","NULL","0","0","approved"
"258","competitor","industry","厂商","40","1","NULL","NULL","NULL","0","0","approved"
"259","competitor","industry","服务商","50","1","NULL","NULL","NULL","0","0","approved"
"260","competitor","industry","软件","60","1","NULL","NULL","NULL","0","0","approved"
"261","competitor","industry","工具","70","1","NULL","NULL","NULL","0","0","approved"
"262","competitor","industry","系统","80","1","NULL","NULL","NULL","0","0","approved"
"263","competitor","industry","方案","90","1","NULL","NULL","NULL","0","0","approved"
"264","competitor","industry","供应商","100","1","NULL","NULL","NULL","0","0","approved"
"265","competitor","industry","竞品","110","1","NULL","NULL","NULL","0","0","approved"
"266","competitor","industry","替代品","120","1","NULL","NULL","NULL","0","0","approved"
"267","competitor","industry","同类产品","130","1","NULL","NULL","NULL","0","0","approved"
"268","competitor","industry","对标产品","140","1","NULL","NULL","NULL","0","0","approved"
"269","competitor","industry","平替","150","1","NULL","NULL","NULL","0","0","approved"
"270","competitor","industry","头部玩家","160","1","NULL","NULL","NULL","0","0","approved"
"271","competitor","industry","新入局者","170","1","NULL","NULL","NULL","0","0","approved"
"272","competitor","industry","挑战者","180","1","NULL","NULL","NULL","0","0","approved"
"273","competitor","industry","领导者","190","1","NULL","NULL","NULL","0","0","approved"
"274","competitor","industry","跟随者","200","1","NULL","NULL","NULL","0","0","approved"
"633","competitor","prefix","比XX更好的","10","0","NULL","NULL","NULL","0","0","approved"
"634","competitor","prefix","XX的替代品","20","0","NULL","NULL","NULL","0","0","approved"
"635","competitor","prefix","不输XX的","30","0","NULL","NULL","NULL","0","0","approved"
"636","competitor","prefix","超越XX的","40","0","NULL","NULL","NULL","0","0","approved"
"637","competitor","prefix","跟XX类似的","50","0","NULL","NULL","NULL","0","0","approved"
"638","competitor","prefix","对标XX的","60","0","NULL","NULL","NULL","0","0","approved"
"639","competitor","prefix","PK掉XX的","70","0","NULL","NULL","NULL","0","0","approved"
"640","competitor","prefix","可以替代XX的","80","0","NULL","NULL","NULL","0","0","approved"
"641","competitor","prefix","XX的平替","90","0","NULL","NULL","NULL","0","0","approved"
"642","competitor","prefix","和XX竞争的","100","0","NULL","NULL","NULL","0","0","approved"
"643","competitor","prefix","XX的竞争对手","110","0","NULL","NULL","NULL","0","0","approved"
"644","competitor","prefix","比XX便宜的","120","0","NULL","NULL","NULL","0","0","approved"
"645","competitor","prefix","比XX好用的","130","0","NULL","NULL","NULL","0","0","approved"
"646","competitor","prefix","比XX专业的","140","0","NULL","NULL","NULL","0","0","approved"
"648","competitor","suffix","竞品有哪些","10","1","NULL","NULL","NULL","0","0","approved"
"649","competitor","suffix","竞争对手分析","20","1","NULL","NULL","NULL","0","0","approved"
"650","competitor","suffix","市场竞品","30","1","NULL","NULL","NULL","0","0","approved"
"651","competitor","suffix","替代产品","40","1","NULL","NULL","NULL","0","0","approved"
"652","competitor","suffix","竞品对比报告","50","1","NULL","NULL","NULL","0","0","approved"
"653","competitor","suffix","和竞品的区别","60","1","NULL","NULL","NULL","0","0","approved"
"654","competitor","suffix","竞品优劣势","70","1","NULL","NULL","NULL","0","0","approved"
"655","competitor","suffix","为什么选它不选XX","80","0","NULL","NULL","NULL","0","0","approved"
"656","competitor","suffix","从XX迁移过来","90","0","NULL","NULL","NULL","0","0","approved"
"657","competitor","suffix","比XX好在哪","100","0","NULL","NULL","NULL","0","0","approved"
"658","competitor","suffix","和XX的核心差异","110","0","NULL","NULL","NULL","0","0","approved"
"659","competitor","suffix","能否替代XX","120","0","NULL","NULL","NULL","0","0","approved"
"660","competitor","suffix","相比XX的优势","130","0","NULL","NULL","NULL","0","0","approved"
"661","competitor","suffix","竞品分析报告","140","1","NULL","NULL","NULL","0","0","approved"
"662","competitor","suffix","同类竞品盘点","150","1","NULL","NULL","NULL","0","0","approved"
"663","competitor","suffix","竞品功能对照表","160","1","NULL","NULL","NULL","0","0","approved"
"664","competitor","suffix","用户从XX转过来的体验","170","0","NULL","NULL","NULL","0","0","approved"
"665","competitor","suffix","竞品市场份额对比","180","1","NULL","NULL","NULL","0","0","approved"
"162","decision","industry","产品","10","1","行业词","common","NULL","0","0","approved"
"163","decision","industry","服务","20","1","行业词","common","NULL","0","0","approved"
"164","decision","industry","方案","30","1","行业词","toB","NULL","0","0","approved"
"165","decision","industry","套餐","40","1","行业词","common","NULL","0","0","approved"
"166","decision","industry","课程","50","1","行业词","toC","NULL","0","0","approved"
"167","decision","industry","系统","60","1","行业词","toB","NULL","0","0","approved"
"168","decision","industry","软件","70","1","行业词","common","NULL","0","0","approved"
"169","decision","industry","工具","80","1","行业词","common","NULL","0","0","approved"
"170","decision","industry","平台","90","1","行业词","toB","NULL","0","0","approved"
"171","decision","industry","解决方案","100","1","行业词","toB","NULL","0","0","approved"
"172","decision","industry","项目","110","0","NULL","NULL","NULL","0","0","approved"
"173","decision","industry","计划","120","0","NULL","NULL","NULL","0","0","approved"
"174","decision","industry","模式","130","0","NULL","NULL","NULL","0","0","approved"
"177","decision","industry","机构","160","1","行业词","toB","NULL","0","0","approved"
"178","decision","industry","顾问","170","1","行业词","toB","NULL","0","0","approved"
"179","decision","industry","咨询","180","1","行业词","toB","NULL","0","0","approved"
"180","decision","industry","外包","190","1","行业词","toB","NULL","0","0","approved"
"181","decision","industry","托管","200","1","行业词","toB","NULL","0","0","approved"
"72","decision","industry","企业","2040","1","行业词","toB","NULL","0","0","approved"
"75","decision","industry","商家","2070","1","行业词","toC","NULL","0","0","approved"
"76","decision","industry","供应商","2080","1","行业词","toB","NULL","0","0","approved"
"77","decision","industry","制造商","2090","1","行业词","toB","NULL","0","0","approved"
"78","decision","industry","生产商","2100","1","行业词","toB","NULL","0","0","approved"
"79","decision","industry","代理商","2110","1","行业词","toC","NULL","0","0","approved"
"80","decision","industry","经销商","2120","1","行业词","toC","NULL","0","0","approved"
"81","decision","industry","运营商","2130","1","行业词","toB","NULL","0","0","approved"
"82","decision","industry","开发商","2140","1","行业词","toB","NULL","0","0","approved"
"83","decision","industry","服务商","2150","1","行业词","toB","NULL","0","0","approved"
"84","decision","industry","连锁店","2160","1","行业词","toC","NULL","0","0","approved"
"85","decision","industry","旗舰店","2170","1","行业词","toC","NULL","0","0","approved"
"86","decision","industry","专卖店","2180","1","行业词","toC","NULL","0","0","approved"
"463","decision","prefix","值得选的","10","1","正向评价类","NULL","NULL","0","0","approved"
"464","decision","prefix","推荐的","20","1","正向评价类","NULL","NULL","0","0","approved"
"465","decision","prefix","适合的","30","1","正向评价类","NULL","NULL","0","0","approved"
"466","decision","prefix","合适的","40","1","正向评价类","NULL","NULL","0","0","approved"
"467","decision","prefix","理想的","50","1","正向评价类","NULL","NULL","0","0","approved"
"468","decision","prefix","首选的","60","1","正向评价类","NULL","NULL","0","0","approved"
"469","decision","prefix","优质的","70","1","品牌品质类","NULL","NULL","0","0","approved"
"787","decision","prefix","一线的","300","1","品牌品质类","NULL","NULL","0","0","approved"
"788","decision","prefix","大牌的","310","1","品牌品质类","NULL","NULL","0","0","approved"
"789","decision","prefix","老牌的","320","1","品牌品质类","NULL","NULL","0","0","approved"
"790","decision","prefix","头部的","330","1","品牌品质类","NULL","NULL","0","0","approved"
"791","decision","prefix","高端的","340","1","品牌品质类","NULL","NULL","0","0","approved"
"792","decision","prefix","中高端的","350","1","品牌品质类","NULL","NULL","0","0","approved"
"9","decision","prefix","口碑好的","1010","1","正向评价类","NULL","NULL","0","0","approved"
"10","decision","prefix","比较好的","1020","0","正向评价类","NULL","NULL","0","0","approved"
"11","decision","prefix","靠谱的","1030","1","正向评价类","NULL","NULL","0","0","approved"
"12","decision","prefix","有实力的","1040","1","品牌品质类","NULL","NULL","0","0","approved"
"13","decision","prefix","专业的","1050","1","正向评价类","NULL","NULL","0","0","approved"
"14","decision","prefix","知名的","1060","1","品牌品质类","NULL","NULL","0","0","approved"
"15","decision","prefix","评价高的","1070","1","正向评价类","NULL","NULL","0","0","approved"
"16","decision","prefix","优秀的","1080","1","正向评价类","NULL","NULL","0","0","approved"
"17","decision","prefix","有名的","1090","0","正向评价类","NULL","NULL","0","0","approved"
"18","decision","prefix","值得信赖的","1100","1","正向评价类","NULL","NULL","0","0","approved"
"19","decision","prefix","正规的","1110","1","资质类","NULL","NULL","0","0","approved"
"20","decision","prefix","有保障的","1120","1","资质类","NULL","NULL","0","0","approved"
"21","decision","prefix","经验丰富的","1130","1","资质类","NULL","NULL","0","0","approved"
"22","decision","prefix","服务好的","1140","1","正向评价类","NULL","NULL","0","0","approved"
"24","decision","prefix","排名靠前的","1160","1","品牌品质类","NULL","NULL","0","0","approved"
"26","decision","prefix","值得推荐的","1180","1","正向评价类","NULL","NULL","0","0","approved"
"27","decision","prefix","口碑不错的","1190","0","正向评价类","NULL","NULL","0","0","approved"
"28","decision","prefix","实力强的","1200","1","品牌品质类","NULL","NULL","0","0","approved"
"29","decision","prefix","想找个靠谱的","1210","0","正向评价类","NULL","NULL","0","0","approved"
"30","decision","prefix","有没有好的","1220","0","正向评价类","NULL","NULL","0","0","approved"
"31","decision","prefix","求推荐个靠谱的","1230","0","正向评价类","NULL","NULL","0","0","approved"
"32","decision","prefix","附近靠谱的","1240","1","场景类","NULL","NULL","0","0","approved"
"33","decision","prefix","比较正规的","1250","0","正向评价类","NULL","NULL","0","0","approved"
"34","decision","prefix","比较专业的","1260","0","正向评价类","NULL","NULL","0","0","approved"
"35","decision","prefix","比较出名的","1270","0","正向评价类","NULL","NULL","0","0","approved"
"36","decision","prefix","服务比较好的","1280","0","正向评价类","NULL","NULL","0","0","approved"
"37","decision","prefix","评价比较高的","1290","0","正向评价类","NULL","NULL","0","0","approved"
"38","decision","prefix","做这个比较厉害的","1300","0","正向评价类","NULL","NULL","0","0","approved"
"494","decision","suffix","怎么选","10","1","决策选择类","NULL","NULL","0","0","approved"
"495","decision","suffix","如何选择","20","1","决策选择类","NULL","NULL","0","0","approved"
"496","decision","suffix","选择指南","30","1","指南类","NULL","NULL","0","0","approved"
"497","decision","suffix","选购攻略","40","1","指南类","NULL","NULL","0","0","approved"
"498","decision","suffix","避坑指南","50","1","指南类","NULL","NULL","0","0","approved"
"499","decision","suffix","注意事项","60","1","注意事项类","NULL","NULL","0","0","approved"
"500","decision","suffix","选择标准","70","1","决策依据类","NULL","NULL","0","0","approved"
"501","decision","suffix","判断依据","80","1","决策依据类","NULL","NULL","0","0","approved"
"502","decision","suffix","适合什么人","90","1","决策选择类","NULL","NULL","0","0","approved"
"503","decision","suffix","什么情况下选","100","1","决策选择类","NULL","NULL","0","0","approved"
"504","decision","suffix","选择建议","110","1","决策选择类","NULL","NULL","0","0","approved"
"505","decision","suffix","要注意什么","120","1","注意事项类","NULL","NULL","0","0","approved"
"506","decision","suffix","有什么坑","130","1","注意事项类","NULL","NULL","0","0","approved"
"507","decision","suffix","常见误区","140","1","注意事项类","NULL","NULL","0","0","approved"
"508","decision","suffix","新手怎么选","150","1","决策选择类","NULL","NULL","0","0","approved"
"509","decision","suffix","预算有限怎么选","160","1","决策选择类","NULL","NULL","0","0","approved"
"510","decision","suffix","选错了怎么办","170","1","建议类","NULL","NULL","0","0","approved"
"511","decision","suffix","核心考虑因素","180","1","决策依据类","NULL","NULL","0","0","approved"
"512","decision","suffix","决策清单","190","1","建议类","NULL","NULL","0","0","approved"
"513","decision","suffix","选型对比","200","1","建议类","NULL","NULL","0","0","approved"
"514","decision","suffix","入门指南","210","1","指南类","NULL","NULL","0","0","approved"
"515","decision","suffix","购买建议","220","1","建议类","NULL","NULL","0","0","approved"
"516","decision","suffix","评估维度有哪些","230","1","决策依据类","NULL","NULL","0","0","approved"
"39","decision","suffix","哪家好","1010","1","决策选择类","NULL","NULL","0","0","approved"
"40","decision","suffix","哪家强","1020","1","决策选择类","NULL","NULL","0","0","approved"
"41","decision","suffix","哪家靠谱","1030","1","决策选择类","NULL","NULL","0","0","approved"
"42","decision","suffix","哪家权威","1040","1","决策选择类","NULL","NULL","0","0","approved"
"43","decision","suffix","哪个好","1050","1","决策选择类","NULL","NULL","0","0","approved"
"44","decision","suffix","哪家专业","1060","1","决策选择类","NULL","NULL","0","0","approved"
"45","decision","suffix","哪家可靠","1070","1","决策选择类","NULL","NULL","0","0","approved"
"46","decision","suffix","有哪些","1080","1","决策选择类","NULL","NULL","0","0","approved"
"48","decision","suffix","哪家比较好","1100","0","决策选择类","NULL","NULL","0","0","approved"
"49","decision","suffix","哪家口碑好","1110","1","决策选择类","NULL","NULL","0","0","approved"
"50","decision","suffix","哪家评价高","1120","1","决策选择类","NULL","NULL","0","0","approved"
"51","decision","suffix","哪家更专业","1130","0","决策选择类","NULL","NULL","0","0","approved"
"52","decision","suffix","哪家更靠谱","1140","0","决策选择类","NULL","NULL","0","0","approved"
"53","decision","suffix","哪家服务好","1150","1","决策选择类","NULL","NULL","0","0","approved"
"54","decision","suffix","哪家性价比高","1160","1","决策选择类","NULL","NULL","0","0","approved"
"55","decision","suffix","推荐哪家","1170","1","决策选择类","NULL","NULL","0","0","approved"
"56","decision","suffix","哪家值得选","1180","1","决策选择类","NULL","NULL","0","0","approved"
"57","decision","suffix","哪家更正规","1190","0","决策选择类","NULL","NULL","0","0","approved"
"58","decision","suffix","哪家值得信赖","1200","1","决策选择类","NULL","NULL","0","0","approved"
"59","decision","suffix","求推荐","1210","1","决策选择类","NULL","NULL","0","0","approved"
"60","decision","suffix","推荐一下","1220","1","决策选择类","NULL","NULL","0","0","approved"
"61","decision","suffix","哪个更靠谱","1230","1","决策选择类","NULL","NULL","0","0","approved"
"62","decision","suffix","哪个更专业","1240","1","决策选择类","NULL","NULL","0","0","approved"
"63","decision","suffix","哪个口碑更好","1250","1","决策选择类","NULL","NULL","0","0","approved"
"64","decision","suffix","哪个值得推荐","1260","1","决策选择类","NULL","NULL","0","0","approved"
"65","decision","suffix","怎么挑","1270","1","决策选择类","NULL","NULL","0","0","approved"
"66","decision","suffix","怎么选择","1280","1","决策选择类","NULL","NULL","0","0","approved"
"67","decision","suffix","选哪家","1290","1","决策选择类","NULL","NULL","0","0","approved"
"68","decision","suffix","哪家不踩坑","1300","1","决策选择类","NULL","NULL","0","0","approved"
"324","decision","suffix","品牌排行榜","2010","1","榜单类","NULL","NULL","0","0","approved"
"325","decision","suffix","品牌推荐","2020","1","推荐类","NULL","NULL","0","0","approved"
"326","decision","suffix","十大品牌","2030","1","榜单类","NULL","NULL","0","0","approved"
"327","decision","suffix","品牌排名","2040","1","榜单类","NULL","NULL","0","0","approved"
"328","decision","suffix","哪个品牌好","2050","1","决策选择类","NULL","NULL","0","0","approved"
"330","decision","suffix","品牌对比","2070","1","对比类","NULL","NULL","0","0","approved"
"331","decision","suffix","品牌榜单","2080","1","榜单类","NULL","NULL","0","0","approved"
"332","decision","suffix","什么品牌好","2090","1","决策选择类","NULL","NULL","0","0","approved"
"334","decision","suffix","品牌大全","2110","1","榜单类","NULL","NULL","0","0","approved"
"335","decision","suffix","品牌盘点","2120","1","榜单类","NULL","NULL","0","0","approved"
"336","decision","suffix","品牌测评","2130","1","测评类","NULL","NULL","0","0","approved"
"338","decision","suffix","品牌口碑排行","2150","1","榜单类","NULL","NULL","0","0","approved"
"339","decision","suffix","头部品牌有哪些","2160","1","决策选择类","NULL","NULL","0","0","approved"
"340","decision","suffix","品牌怎么选","2170","1","决策选择类","NULL","NULL","0","0","approved"
"341","decision","suffix","品牌避坑指南","2180","1","指南类","NULL","NULL","0","0","approved"
"342","decision","suffix","国产品牌推荐","2190","1","推荐类","NULL","NULL","0","0","approved"
"343","decision","suffix","高端品牌有哪些","2200","1","决策选择类","NULL","NULL","0","0","approved"
"344","decision","suffix","性价比品牌推荐","2210","1","推荐类","NULL","NULL","0","0","approved"
"345","decision","suffix","新兴品牌有哪些","2220","1","决策选择类","NULL","NULL","0","0","approved"
"347","decision","suffix","品牌优劣势分析","2240","1","测评类","NULL","NULL","0","0","approved"
"754","function","industry","品牌","10","1","功能行业词","common","NULL","0","0","approved"
"755","function","industry","厂家","20","1","功能行业词","common","NULL","0","0","approved"
"756","function","industry","型号","30","1","功能行业词","common","NULL","0","0","approved"
"757","function","industry","款式","40","1","功能行业词","common","NULL","0","0","approved"
"758","function","industry","产品","50","1","功能行业词","common","NULL","0","0","approved"
"175","function","industry","版本","3140","1","功能行业词","common","NULL","0","0","approved"
"176","function","industry","配置","3150","1","功能行业词","common","NULL","0","0","approved"
"722","function","prefix","高质量的","10","1","通用性能类","NULL","common","0","0","approved"
"723","function","prefix","耐用的","20","1","通用性能类","NULL","common","0","0","approved"
"724","function","prefix","结实的","30","1","通用性能类","NULL","common","0","0","approved"
"725","function","prefix","稳定的","40","1","通用性能类","NULL","common","0","0","approved"
"726","function","prefix","隔音的","100","1","门窗行业","NULL","door_window","0","0","approved"
"727","function","prefix","防盗的","110","1","门窗行业","NULL","door_window","0","0","approved"
"728","function","prefix","保温的","120","1","门窗行业","NULL","door_window","0","0","approved"
"729","function","prefix","抗风的","130","1","门窗行业","NULL","door_window","0","0","approved"
"730","function","prefix","节能的","200","1","家电行业","NULL","appliance","0","0","approved"
"731","function","prefix","静音的","210","1","家电行业","NULL","appliance","0","0","approved"
"732","function","prefix","智能的","220","1","家电行业","NULL","appliance","0","0","approved"
"733","function","prefix","变频的","230","1","家电行业","NULL","appliance","0","0","approved"
"734","function","prefix","环保的","300","1","建材行业","NULL","building_material","0","0","approved"
"735","function","prefix","防水的","310","1","建材行业","NULL","building_material","0","0","approved"
"736","function","prefix","阻燃的","320","1","建材行业","NULL","building_material","0","0","approved"
"737","function","prefix","抗菌的","330","1","建材行业","NULL","building_material","0","0","approved"
"738","function","prefix","健康的","400","1","快消行业","NULL","fmcg","0","0","approved"
"739","function","prefix","有机的","410","1","快消行业","NULL","fmcg","0","0","approved"
"740","function","prefix","纯天然的","420","1","快消行业","NULL","fmcg","0","0","approved"
"741","function","prefix","无添加的","430","1","快消行业","NULL","fmcg","0","0","approved"
"742","function","prefix","高精度的","500","1","工业品行业","NULL","industrial","0","0","approved"
"743","function","prefix","高产能的","510","1","工业品行业","NULL","industrial","0","0","approved"
"744","function","prefix","稳定运行的","520","1","工业品行业","NULL","industrial","0","0","approved"
"745","function","prefix","自动化的","530","1","工业品行业","NULL","industrial","0","0","approved"
"746","function","prefix","百搭的","600","1","服装行业","NULL","clothing","0","0","approved"
"747","function","prefix","显瘦的","610","1","服装行业","NULL","clothing","0","0","approved"
"748","function","prefix","舒适的","620","1","服装行业","NULL","clothing","0","0","approved"
"749","function","prefix","透气的","630","1","服装行业","NULL","clothing","0","0","approved"
"750","function","prefix","新款","700","1","新旧/来源类","NULL","common","0","0","approved"
"751","function","prefix","最新款","710","1","新旧/来源类","NULL","common","0","0","approved"
"752","function","prefix","进口","720","1","新旧/来源类","NULL","common","0","0","approved"
"753","function","prefix","国产","730","1","新旧/来源类","NULL","common","0","0","approved"
"473","function","prefix","入门级","3110","1","产品分级类","NULL","common","0","0","approved"
"474","function","prefix","进阶版","3120","1","产品分级类","NULL","common","0","0","approved"
"475","function","prefix","旗舰","3130","1","产品分级类","NULL","common","0","0","approved"
"476","function","prefix","基础版","3140","1","产品分级类","NULL","common","0","0","approved"
"477","function","prefix","企业级","3150","1","产品分级类","NULL","common","0","0","approved"
"478","function","prefix","小型","3160","1","规模类","NULL","common","0","0","approved"
"479","function","prefix","中型","3170","1","规模类","NULL","common","0","0","approved"
"480","function","prefix","大型","3180","1","规模类","NULL","common","0","0","approved"
"481","function","prefix","轻量级","3190","1","产品分级类","NULL","common","0","0","approved"
"482","function","prefix","全功能","3200","1","产品分级类","NULL","common","0","0","approved"
"212","function","prefix","企业版","4200","1","产品分级类","NULL","common","0","0","approved"
"759","function","suffix","推荐","10","1","功能后缀","NULL","NULL","0","0","approved"
"760","function","suffix","哪个好","20","1","功能后缀","NULL","NULL","0","0","approved"
"761","function","suffix","哪款好","30","1","功能后缀","NULL","NULL","0","0","approved"
"762","function","suffix","选什么","40","1","功能后缀","NULL","NULL","0","0","approved"
"763","function","suffix","有哪些","50","1","功能后缀","NULL","NULL","0","0","approved"
"764","function","suffix","什么牌子好","60","1","功能后缀","NULL","NULL","0","0","approved"
"765","function","suffix","推荐一下","70","1","功能后缀","NULL","NULL","0","0","approved"
"131","industry","industry","行业","10","1","NULL","NULL","NULL","0","0","approved"
"132","industry","industry","产业","20","1","NULL","NULL","NULL","0","0","approved"
"133","industry","industry","领域","30","1","NULL","NULL","NULL","0","0","approved"
"134","industry","industry","赛道","40","1","NULL","NULL","NULL","0","0","approved"
"135","industry","industry","市场","50","1","NULL","NULL","NULL","0","0","approved"
"136","industry","industry","板块","60","1","NULL","NULL","NULL","0","0","approved"
"137","industry","industry","生态","70","1","NULL","NULL","NULL","0","0","approved"
"138","industry","industry","产业链","80","1","NULL","NULL","NULL","0","0","approved"
"139","industry","industry","供应链","90","1","NULL","NULL","NULL","0","0","approved"
"140","industry","industry","价值链","100","1","NULL","NULL","NULL","0","0","approved"
"141","industry","industry","细分市场","110","1","NULL","NULL","NULL","0","0","approved"
"142","industry","industry","垂直领域","120","1","NULL","NULL","NULL","0","0","approved"
"143","industry","industry","新兴产业","130","1","NULL","NULL","NULL","0","0","approved"
"144","industry","industry","传统行业","140","1","NULL","NULL","NULL","0","0","approved"
"145","industry","industry","朝阳行业","150","1","NULL","NULL","NULL","0","0","approved"
"146","industry","industry","蓝海市场","160","1","NULL","NULL","NULL","0","0","approved"
"147","industry","industry","红海市场","170","1","NULL","NULL","NULL","0","0","approved"
"148","industry","industry","上游","180","1","NULL","NULL","NULL","0","0","approved"
"149","industry","industry","中游","190","1","NULL","NULL","NULL","0","0","approved"
"150","industry","industry","下游","200","1","NULL","NULL","NULL","0","0","approved"
"401","industry","prefix","专业的","10","1","NULL","NULL","NULL","0","0","approved"
"402","industry","prefix","正规的","20","1","NULL","NULL","NULL","0","0","approved"
"403","industry","prefix","权威的","30","1","NULL","NULL","NULL","0","0","approved"
"404","industry","prefix","资深的","40","1","NULL","NULL","NULL","0","0","approved"
"405","industry","prefix","领先的","50","1","NULL","NULL","NULL","0","0","approved"
"406","industry","prefix","一站式","60","1","NULL","NULL","NULL","0","0","approved"
"407","industry","prefix","综合性","70","1","NULL","NULL","NULL","0","0","approved"
"408","industry","prefix","全方位","80","1","NULL","NULL","NULL","0","0","approved"
"409","industry","prefix","定制化","90","1","NULL","NULL","NULL","0","0","approved"
"410","industry","prefix","智能化","100","1","NULL","NULL","NULL","0","0","approved"
"411","industry","prefix","数字化","110","1","NULL","NULL","NULL","0","0","approved"
"412","industry","prefix","现代化","120","1","NULL","NULL","NULL","0","0","approved"
"413","industry","prefix","标准化","130","1","NULL","NULL","NULL","0","0","approved"
"414","industry","prefix","规模化","140","1","NULL","NULL","NULL","0","0","approved"
"415","industry","prefix","创新型","150","1","NULL","NULL","NULL","0","0","approved"
"416","industry","prefix","新兴的","160","1","NULL","NULL","NULL","0","0","approved"
"417","industry","prefix","传统","170","1","NULL","NULL","NULL","0","0","approved"
"418","industry","prefix","垂直领域","180","1","NULL","NULL","NULL","0","0","approved"
"419","industry","prefix","细分行业","190","1","NULL","NULL","NULL","0","0","approved"
"420","industry","prefix","头部","200","1","NULL","NULL","NULL","0","0","approved"
"432","industry","suffix","行业现状","10","1","NULL","NULL","NULL","0","0","approved"
"433","industry","suffix","行业趋势","20","1","NULL","NULL","NULL","0","0","approved"
"434","industry","suffix","行业分析","30","1","NULL","NULL","NULL","0","0","approved"
"435","industry","suffix","行业前景","40","1","NULL","NULL","NULL","0","0","approved"
"436","industry","suffix","行业报告","50","1","NULL","NULL","NULL","0","0","approved"
"437","industry","suffix","行业排名","60","1","NULL","NULL","NULL","0","0","approved"
"438","industry","suffix","行业标准","70","1","NULL","NULL","NULL","0","0","approved"
"439","industry","suffix","行业规范","80","1","NULL","NULL","NULL","0","0","approved"
"440","industry","suffix","发展前景怎么样","90","1","NULL","NULL","NULL","0","0","approved"
"441","industry","suffix","市场规模多大","100","1","NULL","NULL","NULL","0","0","approved"
"442","industry","suffix","未来趋势","110","1","NULL","NULL","NULL","0","0","approved"
"443","industry","suffix","行业痛点","120","1","NULL","NULL","NULL","0","0","approved"
"444","industry","suffix","行业解决方案","130","1","NULL","NULL","NULL","0","0","approved"
"445","industry","suffix","行业白皮书","140","1","NULL","NULL","NULL","0","0","approved"
"446","industry","suffix","行业龙头企业","150","1","NULL","NULL","NULL","0","0","approved"
"447","industry","suffix","行业发展历程","160","1","NULL","NULL","NULL","0","0","approved"
"448","industry","suffix","行业政策","170","1","NULL","NULL","NULL","0","0","approved"
"449","industry","suffix","从业门槛","180","1","NULL","NULL","NULL","0","0","approved"
"450","industry","suffix","行业利润率","190","1","NULL","NULL","NULL","0","0","approved"
"451","industry","suffix","行业竞争格局","200","1","NULL","NULL","NULL","0","0","approved"
"452","industry","suffix","细分赛道有哪些","210","1","NULL","NULL","NULL","0","0","approved"
"453","industry","suffix","产业链分析","220","1","NULL","NULL","NULL","0","0","approved"
"454","industry","suffix","行业机会","230","1","NULL","NULL","NULL","0","0","approved"
"100","location","industry","门店","10","1","NULL","NULL","NULL","0","0","approved"
"101","location","industry","网点","20","1","NULL","NULL","NULL","0","0","approved"
"102","location","industry","营业厅","30","1","NULL","NULL","NULL","0","0","approved"
"103","location","industry","体验店","40","1","NULL","NULL","NULL","0","0","approved"
"104","location","industry","展厅","50","1","NULL","NULL","NULL","0","0","approved"
"105","location","industry","服务中心","60","1","NULL","NULL","NULL","0","0","approved"
"106","location","industry","办事处","70","1","NULL","NULL","NULL","0","0","approved"
"107","location","industry","分公司","80","1","NULL","NULL","NULL","0","0","approved"
"108","location","industry","分店","90","1","NULL","NULL","NULL","0","0","approved"
"109","location","industry","直营店","100","1","NULL","NULL","NULL","0","0","approved"
"110","location","industry","加盟店","110","1","NULL","NULL","NULL","0","0","approved"
"111","location","industry","代理点","120","1","NULL","NULL","NULL","0","0","approved"
"112","location","industry","维修点","130","1","NULL","NULL","NULL","0","0","approved"
"113","location","industry","服务站","140","1","NULL","NULL","NULL","0","0","approved"
"114","location","industry","实体店","150","1","NULL","NULL","NULL","0","0","approved"
"115","location","industry","总部","160","1","NULL","NULL","NULL","0","0","approved"
"116","location","industry","基地","170","1","NULL","NULL","NULL","0","0","approved"
"117","location","industry","园区","180","1","NULL","NULL","NULL","0","0","approved"
"118","location","industry","仓库","190","1","NULL","NULL","NULL","0","0","approved"
"119","location","industry","配送中心","200","1","NULL","NULL","NULL","0","0","approved"
"355","location","prefix","本地","10","1","NULL","NULL","NULL","0","0","approved"
"356","location","prefix","附近的","20","1","NULL","NULL","NULL","0","0","approved"
"357","location","prefix","周边的","30","1","NULL","NULL","NULL","0","0","approved"
"358","location","prefix","同城","40","1","NULL","NULL","NULL","0","0","approved"
"359","location","prefix","当地","50","1","NULL","NULL","NULL","0","0","approved"
"360","location","prefix","市区","60","1","NULL","NULL","NULL","0","0","approved"
"361","location","prefix","郊区","70","1","NULL","NULL","NULL","0","0","approved"
"362","location","prefix","线下","80","1","NULL","NULL","NULL","0","0","approved"
"363","location","prefix","就近","90","1","NULL","NULL","NULL","0","0","approved"
"364","location","prefix","家门口的","100","1","NULL","NULL","NULL","0","0","approved"
"365","location","prefix","离我最近的","110","1","NULL","NULL","NULL","0","0","approved"
"366","location","prefix","社区","120","1","NULL","NULL","NULL","0","0","approved"
"367","location","prefix","本市","130","1","NULL","NULL","NULL","0","0","approved"
"368","location","prefix","本区","140","1","NULL","NULL","NULL","0","0","approved"
"369","location","prefix","街道","150","1","NULL","NULL","NULL","0","0","approved"
"370","location","suffix","哪里有","10","1","NULL","NULL","NULL","0","0","approved"
"371","location","suffix","地址在哪","20","1","NULL","NULL","NULL","0","0","approved"
"372","location","suffix","怎么去","30","1","NULL","NULL","NULL","0","0","approved"
"373","location","suffix","在哪里","40","1","NULL","NULL","NULL","0","0","approved"
"374","location","suffix","附近推荐","50","1","NULL","NULL","NULL","0","0","approved"
"375","location","suffix","本地推荐","60","1","NULL","NULL","NULL","0","0","approved"
"376","location","suffix","门店地址","70","1","NULL","NULL","NULL","0","0","approved"
"377","location","suffix","线下店","80","1","NULL","NULL","NULL","0","0","approved"
"378","location","suffix","分布在哪些区","90","1","NULL","NULL","NULL","0","0","approved"
"379","location","suffix","覆盖范围","100","1","NULL","NULL","NULL","0","0","approved"
"380","location","suffix","服务区域","110","1","NULL","NULL","NULL","0","0","approved"
"381","location","suffix","同城推荐","120","1","NULL","NULL","NULL","0","0","approved"
"382","location","suffix","各区分布","130","1","NULL","NULL","NULL","0","0","approved"
"383","location","suffix","就近选择","140","1","NULL","NULL","NULL","0","0","approved"
"384","location","suffix","周边有哪些","150","1","NULL","NULL","NULL","0","0","approved"
"385","location","suffix","本地排行","160","1","NULL","NULL","NULL","0","0","approved"
"386","location","suffix","上门服务范围","170","1","NULL","NULL","NULL","0","0","approved"
"286","qa","industry","公司","10","0","NULL","NULL","NULL","0","0","approved"
"287","qa","industry","机构","20","0","NULL","NULL","NULL","0","0","approved"
"288","qa","industry","平台","30","0","NULL","NULL","NULL","0","0","approved"
"289","qa","industry","服务商","40","0","NULL","NULL","NULL","0","0","approved"
"290","qa","industry","服务","50","0","NULL","NULL","NULL","0","0","approved"
"816","qa","prefix","进口","10","1","来源类","NULL","NULL","0","0","approved"
"817","qa","prefix","国产","20","1","来源类","NULL","NULL","0","0","approved"
"818","qa","prefix","新款","30","1","新旧类","NULL","NULL","0","0","approved"
"819","qa","prefix","最新款","40","1","新旧类","NULL","NULL","0","0","approved"
"820","qa","prefix","高品质","50","1","品质类","NULL","NULL","0","0","approved"
"25","qa","prefix","做得好的","170","0","NULL","NULL","NULL","0","0","approved"
"821","qa","suffix","怎么用","100","1","使用类","NULL","NULL","0","0","approved"
"822","qa","suffix","使用方法","110","1","使用类","NULL","NULL","0","0","approved"
"823","qa","suffix","安装方法","120","1","使用类","NULL","NULL","0","0","approved"
"824","qa","suffix","使用教程","130","1","使用类","NULL","NULL","0","0","approved"
"825","qa","suffix","怎么保养","200","1","维护类","NULL","NULL","0","0","approved"
"826","qa","suffix","保养方法","210","1","维护类","NULL","NULL","0","0","approved"
"827","qa","suffix","维护","220","1","维护类","NULL","NULL","0","0","approved"
"828","qa","suffix","清洁方法","230","1","维护类","NULL","NULL","0","0","approved"
"829","qa","suffix","坏了怎么办","300","1","故障类","NULL","NULL","0","0","approved"
"830","qa","suffix","维修","310","1","故障类","NULL","NULL","0","0","approved"
"831","qa","suffix","售后","320","1","故障类","NULL","NULL","0","0","approved"
"832","qa","suffix","质保","330","1","故障类","NULL","NULL","0","0","approved"
"833","qa","suffix","常见问题","400","1","综合类","NULL","NULL","0","0","approved"
"834","qa","suffix","有哪些种类","410","1","综合类","NULL","NULL","0","0","approved"
"47","qa","suffix","怎么选","1090","0","决策选择类","NULL","NULL","0","0","approved"
"578","qa","suffix","砍价技巧","3230","1","攻略类","NULL","NULL","0","0","approved"
"579","qa","suffix","省钱攻略","3240","1","攻略类","NULL","NULL","0","0","approved"
"580","qa","suffix","隐藏收费项","3250","1","注意事项类","NULL","NULL","0","0","approved"
"623","qa","suffix","迁移成本高吗","4220","1","注意事项类","NULL","NULL","0","0","approved"
"624","qa","suffix","切换难度大吗","4230","1","注意事项类","NULL","NULL","0","0","approved"
"193","transaction","industry","报价","10","0","NULL","NULL","NULL","0","0","approved"
"194","transaction","industry","套餐","20","1","商业模型类","NULL","NULL","0","0","approved"
"195","transaction","industry","服务","30","1","通用主体","NULL","NULL","0","0","approved"
"196","transaction","industry","商品","40","1","通用主体","NULL","NULL","0","0","approved"
"197","transaction","industry","产品","50","1","通用主体","NULL","NULL","0","0","approved"
"198","transaction","industry","课程","60","1","通用主体","NULL","NULL","0","0","approved"
"199","transaction","industry","会员","70","1","商业模型类","NULL","NULL","0","0","approved"
"200","transaction","industry","订阅","80","1","商业模型类","NULL","NULL","0","0","approved"
"201","transaction","industry","许可证","90","1","商业模型类","NULL","NULL","0","0","approved"
"202","transaction","industry","授权","100","1","商业模型类","NULL","NULL","0","0","approved"
"203","transaction","industry","定制","110","1","商业模型类","NULL","NULL","0","0","approved"
"204","transaction","industry","租赁","120","1","商业模型类","NULL","NULL","0","0","approved"
"205","transaction","industry","托管","130","1","商业模型类","NULL","NULL","0","0","approved"
"206","transaction","industry","外包","140","1","商业模型类","NULL","NULL","0","0","approved"
"207","transaction","industry","代运营","150","1","商业模型类","NULL","NULL","0","0","approved"
"208","transaction","industry","年卡","160","1","商业模型类","NULL","NULL","0","0","approved"
"209","transaction","industry","月卡","170","1","商业模型类","NULL","NULL","0","0","approved"
"210","transaction","industry","体验装","180","1","商业模型类","NULL","NULL","0","0","approved"
"211","transaction","industry","试用版","190","1","商业模型类","NULL","NULL","0","0","approved"
"795","transaction","industry","品牌","220","1","通用主体","NULL","NULL","0","0","approved"
"796","transaction","industry","厂家","230","1","通用主体","NULL","NULL","0","0","approved"
"797","transaction","industry","型号","240","1","通用主体","NULL","NULL","0","0","approved"
"798","transaction","industry","款式","250","1","通用主体","NULL","NULL","0","0","approved"
"525","transaction","prefix","便宜的","10","1","价格敏感类","NULL","NULL","0","0","approved"
"526","transaction","prefix","实惠的","20","1","价格敏感类","NULL","NULL","0","0","approved"
"527","transaction","prefix","打折的","30","1","优惠活动类","NULL","NULL","0","0","approved"
"528","transaction","prefix","优惠的","40","1","优惠活动类","NULL","NULL","0","0","approved"
"529","transaction","prefix","特价","50","1","优惠活动类","NULL","NULL","0","0","approved"
"530","transaction","prefix","限时","60","1","优惠活动类","NULL","NULL","0","0","approved"
"531","transaction","prefix","团购","70","1","渠道类","NULL","NULL","0","0","approved"
"532","transaction","prefix","批发","80","1","渠道类","NULL","NULL","0","0","approved"
"533","transaction","prefix","免费试用","90","0","NULL","NULL","NULL","0","0","approved"
"534","transaction","prefix","低价","100","1","价格敏感类","NULL","NULL","0","0","approved"
"535","transaction","prefix","包邮","110","1","优惠活动类","NULL","NULL","0","0","approved"
"536","transaction","prefix","正品","120","1","渠道保障类","NULL","NULL","0","0","approved"
"537","transaction","prefix","官方","130","1","渠道保障类","NULL","NULL","0","0","approved"
"538","transaction","prefix","直营","140","1","渠道保障类","NULL","NULL","0","0","approved"
"539","transaction","prefix","厂家直销","150","1","渠道保障类","NULL","NULL","0","0","approved"
"540","transaction","prefix","促销","160","1","优惠活动类","NULL","NULL","0","0","approved"
"541","transaction","prefix","清仓","170","1","优惠活动类","NULL","NULL","0","0","approved"
"542","transaction","prefix","秒杀","180","1","优惠活动类","NULL","NULL","0","0","approved"
"543","transaction","prefix","会员价","190","1","优惠活动类","NULL","NULL","0","0","approved"
"544","transaction","prefix","新人专享","200","1","优惠活动类","NULL","NULL","0","0","approved"
"793","transaction","prefix","平价的","800","1","价格敏感类","NULL","NULL","0","0","approved"
"794","transaction","prefix","性价比好的","810","1","性价比类","NULL","NULL","0","0","approved"
"470","transaction","prefix","划算的","3080","1","性价比类","NULL","NULL","0","0","approved"
"471","transaction","prefix","高性价比的","3090","1","性价比类","NULL","NULL","0","0","approved"
"472","transaction","prefix","免费的","3100","1","价格敏感类","NULL","NULL","0","0","approved"
"23","transaction","prefix","性价比高的","4150","1","性价比类","NULL","NULL","0","0","approved"
"556","transaction","suffix","多少钱","10","1","价格查询类","NULL","NULL","0","0","approved"
"557","transaction","suffix","价格表","20","1","价格查询类","NULL","NULL","0","0","approved"
"558","transaction","suffix","收费标准","30","1","价格查询类","NULL","NULL","0","0","approved"
"559","transaction","suffix","怎么收费","40","1","价格查询类","NULL","NULL","0","0","approved"
"560","transaction","suffix","报价单","50","1","价格查询类","NULL","NULL","0","0","approved"
"561","transaction","suffix","费用明细","60","1","价格查询类","NULL","NULL","0","0","approved"
"562","transaction","suffix","价格对比","70","1","预算对比类","NULL","NULL","0","0","approved"
"563","transaction","suffix","最新价格","80","1","价格查询类","NULL","NULL","0","0","approved"
"564","transaction","suffix","优惠活动","90","1","优惠类","NULL","NULL","0","0","approved"
"565","transaction","suffix","折扣信息","100","1","优惠类","NULL","NULL","0","0","approved"
"566","transaction","suffix","促销价","110","1","优惠类","NULL","NULL","0","0","approved"
"567","transaction","suffix","团购价","120","1","优惠类","NULL","NULL","0","0","approved"
"568","transaction","suffix","免费试用入口","130","0","NULL","NULL","NULL","0","0","approved"
"569","transaction","suffix","在哪买","140","1","购买渠道类","NULL","NULL","0","0","approved"
"570","transaction","suffix","怎么买","150","1","购买渠道类","NULL","NULL","0","0","approved"
"571","transaction","suffix","购买渠道","160","1","购买渠道类","NULL","NULL","0","0","approved"
"572","transaction","suffix","官方购买链接","170","0","NULL","NULL","NULL","0","0","approved"
"573","transaction","suffix","订购方式","180","1","购买渠道类","NULL","NULL","0","0","approved"
"574","transaction","suffix","套餐价格","190","1","价格查询类","NULL","NULL","0","0","approved"
"575","transaction","suffix","年费多少","200","1","价格查询类","NULL","NULL","0","0","approved"
"576","transaction","suffix","月费多少","210","1","价格查询类","NULL","NULL","0","0","approved"
"577","transaction","suffix","性价比分析","220","1","预算对比类","NULL","NULL","0","0","approved"
"799","transaction","suffix","什么价格","300","1","价格查询类","NULL","NULL","0","0","approved"
"800","transaction","suffix","价格","310","1","价格查询类","NULL","NULL","0","0","approved"
"801","transaction","suffix","价位","320","1","价格查询类","NULL","NULL","0","0","approved"
"802","transaction","suffix","一般多少钱","330","1","价格查询类","NULL","NULL","0","0","approved"
"803","transaction","suffix","大概多少钱","340","1","价格查询类","NULL","NULL","0","0","approved"
"804","transaction","suffix","贵不贵","400","1","预算对比类","NULL","NULL","0","0","approved"
"805","transaction","suffix","值不值","410","1","预算对比类","NULL","NULL","0","0","approved"
"806","transaction","suffix","划不划算","420","1","预算对比类","NULL","NULL","0","0","approved"
"807","transaction","suffix","性价比怎么样","430","1","预算对比类","NULL","NULL","0","0","approved"
"808","transaction","suffix","去哪买","500","1","购买渠道类","NULL","NULL","0","0","approved"
"809","transaction","suffix","哪里能买到","510","1","购买渠道类","NULL","NULL","0","0","approved"
"810","transaction","suffix","哪里有卖","520","1","购买渠道类","NULL","NULL","0","0","approved"
